time_s,temp,bar,accX,accY,accZ,gyrX,gyrY,gyrZ,magX,magY,magZ
48.228,16.200000762939453,1003.7000122070312,-0.9900000095367432,-0.9200000166893005,9.710000038146973,-37.79999923706055,18.100000381469727,21.399999618530273,13.800000190734863,6.599999904632568,29.5
48.428,23.5,999.4000244140625,-0.7699999809265137,0.6700000166893005,10.180000305175781,18.5,36.70000076293945,28.100000381469727,-12.899999618530273,-19.100000381469727,-10.5
48.628,24.200000762939453,997.5999755859375,0.17000000178813934,-0.10999999940395355,9.649999618530273,-10.0,38.900001525878906,3.200000047683716,18.799999237060547,-15.5,17.399999618530273
48.828,24.5,998.0,-0.7699999809265137,-0.4000000059604645,9.960000038146973,-26.700000762939453,34.20000076293945,34.0,26.600000381469727,10.399999618530273,-14.899999618530273
49.028,20.399999618530273,1004.2999877929688,0.3199999928474426,0.4300000071525574,9.609999656677246,38.099998474121094,-16.799999237060547,-21.299999237060547,19.799999237060547,-26.600000381469727,-28.0
49.228,24.5,1008.7000122070312,-0.36000001430511475,0.25,9.739999771118164,-32.0,42.0,33.0,16.700000762939453,-2.0,4.900000095367432
49.428,19.399999618530273,993.5999755859375,0.4000000059604645,-0.28999999165534973,9.390000343322754,27.899999618530273,-34.0,28.899999618530273,-15.100000381469727,27.600000381469727,26.899999618530273
49.628,18.0,1009.0,-0.7400000095367432,-0.8600000143051147,9.899999618530273,8.699999809265137,8.699999809265137,-21.299999237060547,-23.100000381469727,-5.699999809265137,-3.299999952316284
49.828,22.600000381469727,994.9000244140625,-0.6100000143051147,-0.1599999964237213,9.6899995803833,-13.399999618530273,-20.5,10.600000381469727,-4.900000095367432,-20.200000762939453,-16.799999237060547
50.028,19.799999237060547,1009.2999877929688,-0.019999999552965164,0.4699999988079071,9.350000381469727,-24.899999618530273,-8.699999809265137,31.600000381469727,-10.5,16.299999237060547,-28.399999618530273
50.228,19.100000381469727,1002.7000122070312,-0.4399999976158142,0.03999999910593033,10.100000381469727,-35.400001525878906,-11.199999809265137,-21.200000762939453,-25.100000381469727,-23.799999237060547,8.199999809265137
50.428,15.899999618530273,992.7000122070312,-0.699999988079071,-0.03999999910593033,9.739999771118164,27.200000762939453,-4.0,48.099998474121094,0.699999988079071,-22.600000381469727,-1.5
50.628,22.5,991.0999755859375,-0.4300000071525574,-0.10999999940395355,9.680000305175781,-21.899999618530273,-39.900001525878906,-31.899999618530273,-26.200000762939453,-3.5999999046325684,-26.5
50.828,19.899999618530273,998.5,0.8700000047683716,-0.25999999046325684,9.369999885559082,-4.300000190734863,48.0,31.700000762939453,19.799999237060547,18.700000762939453,27.0
51.028,21.600000381469727,999.0,0.9399999976158142,-0.28999999165534973,9.449999809265137,-17.5,-12.300000190734863,36.79999923706055,-3.799999952316284,13.899999618530273,6.800000190734863
51.228,24.399999618530273,1001.0999755859375,0.7300000190734863,0.9100000262260437,9.380000114440918,3.5999999046325684,24.600000381469727,17.299999237060547,-8.300000190734863,-13.800000190734863,-20.200000762939453
51.428,21.600000381469727,993.0,-0.2199999988079071,0.009999999776482582,9.40999984741211,20.5,33.20000076293945,5.5,-4.099999904632568,24.600000381469727,27.200000762939453
51.628,19.100000381469727,992.0,-0.07000000029802322,0.4399999976158142,9.510000228881836,29.100000381469727,-45.5,5.800000190734863,2.5999999046325684,3.0,-2.5
51.828,20.600000381469727,1005.2000122070312,-0.800000011920929,-0.1899999976158142,9.890000343322754,-31.700000762939453,5.300000190734863,-15.699999809265137,-9.199999809265137,23.700000762939453,-11.600000381469727
52.028,18.299999237060547,1004.2999877929688,0.27000001072883606,0.6600000262260437,9.40999984741211,42.599998474121094,-18.5,33.0,20.899999618530273,-15.5,-15.699999809265137
52.228,18.600000381469727,1003.4000244140625,-0.10000000149011612,-0.05999999865889549,10.15999984741211,-32.400001525878906,-2.4000000953674316,-17.200000762939453,19.5,22.200000762939453,-17.299999237060547
52.428,18.799999237060547,1008.0,-0.4000000059604645,-0.949999988079071,9.680000305175781,30.600000381469727,-17.299999237060547,1.7000000476837158,-17.399999618530273,9.0,-26.799999237060547
52.628,21.700000762939453,1009.7000122070312,-0.4099999964237213,0.8500000238418579,9.510000228881836,22.700000762939453,49.5,-42.70000076293945,19.899999618530273,0.6000000238418579,-11.800000190734863
52.828,16.799999237060547,992.2000122070312,0.03999999910593033,0.8199999928474426,10.260000228881836,-0.30000001192092896,-36.0,12.600000381469727,26.100000381469727,-5.699999809265137,-10.699999809265137
53.028,24.399999618530273,996.4000244140625,-0.3499999940395355,0.6600000262260437,9.729999542236328,24.200000762939453,-16.600000381469727,27.600000381469727,5.199999809265137,2.9000000953674316,-24.700000762939453
53.228,15.600000381469727,1005.0999755859375,0.9200000166893005,0.8500000238418579,9.829999923706055,22.0,-20.200000762939453,9.5,-3.299999952316284,-11.800000190734863,-7.199999809265137
53.428,16.799999237060547,993.4000244140625,0.9800000190734863,0.6399999856948853,9.4399995803833,18.299999237060547,-18.899999618530273,30.399999618530273,-28.200000762939453,19.700000762939453,-15.800000190734863
53.628,16.799999237060547,994.7999877929688,0.44999998807907104,-0.5699999928474426,9.699999809265137,3.5999999046325684,-9.899999618530273,-2.0,25.899999618530273,19.200000762939453,9.800000190734863
53.828,17.899999618530273,1007.0,0.6899999976158142,0.699999988079071,9.369999885559082,-29.399999618530273,40.400001525878906,43.20000076293945,-11.699999809265137,-5.099999904632568,14.100000381469727
54.028,15.600000381469727,1004.5999755859375,0.4099999964237213,-0.3700000047683716,9.449999809265137,10.899999618530273,-42.400001525878906,37.5,20.200000762939453,-19.399999618530273,-15.600000381469727
54.228,15.100000381469727,1007.0,-0.3799999952316284,-0.7200000286102295,9.460000038146973,33.70000076293945,23.799999237060547,-8.399999618530273,-3.5999999046325684,7.099999904632568,-23.299999237060547
54.428,24.299999237060547,997.0,0.33000001311302185,-0.7599999904632568,10.069999694824219,-31.399999618530273,43.400001525878906,25.0,8.199999809265137,15.5,17.100000381469727
54.628,20.600000381469727,996.7000122070312,-0.44999998807907104,-0.7699999809265137,10.050000190734863,-46.79999923706055,-3.299999952316284,-0.20000000298023224,-15.899999618530273,28.399999618530273,-18.600000381469727
54.828,24.100000381469727,1007.7000122070312,0.09000000357627869,0.7099999785423279,9.739999771118164,6.199999809265137,-13.600000381469727,47.400001525878906,-27.299999237060547,19.299999237060547,-29.899999618530273
55.028,16.5,1001.5,-0.25,0.5,9.640000343322754,-4.900000095367432,6.199999809265137,46.79999923706055,-28.899999618530273,28.899999618530273,-11.5
55.228,15.100000381469727,996.0,0.7699999809265137,0.8999999761581421,9.390000343322754,-8.600000381469727,33.099998474121094,-43.099998474121094,1.899999976158142,-10.800000190734863,-27.0
55.428,19.0,1005.9000244140625,-0.9900000095367432,0.7699999809265137,9.970000267028809,43.0,22.0,7.800000190734863,-19.399999618530273,-12.100000381469727,-1.0
55.628,17.799999237060547,1000.7000122070312,0.7599999904632568,-0.019999999552965164,9.630000114440918,48.20000076293945,8.699999809265137,45.0,-28.799999237060547,-0.800000011920929,20.299999237060547
55.828,15.199999809265137,991.2000122070312,0.8700000047683716,0.4399999976158142,9.729999542236328,-48.099998474121094,-28.100000381469727,-18.200000762939453,24.600000381469727,-0.5,7.099999904632568
56.028,24.299999237060547,1009.2000122070312,0.8399999737739563,-0.17000000178813934,9.920000076293945,13.800000190734863,0.8999999761581421,-45.900001525878906,26.5,-6.400000095367432,-25.100000381469727
56.228,21.600000381469727,999.0999755859375,-0.8500000238418579,0.6000000238418579,9.399999618530273,-0.800000011920929,-3.9000000953674316,29.100000381469727,-5.0,19.600000381469727,-25.700000762939453
56.428,22.799999237060547,1003.0999755859375,-0.6000000238418579,-0.5699999928474426,9.329999923706055,13.199999809265137,-1.7999999523162842,41.400001525878906,-8.0,4.699999809265137,-24.200000762939453
56.628,15.899999618530273,1004.4000244140625,-0.9399999976158142,0.9599999785423279,9.989999771118164,-35.099998474121094,32.599998474121094,-17.200000762939453,5.599999904632568,17.899999618530273,-7.699999809265137
56.828,24.200000762939453,997.0999755859375,0.47999998927116394,-0.7699999809265137,9.350000381469727,-42.900001525878906,41.70000076293945,-25.799999237060547,-26.200000762939453,-7.699999809265137,-13.399999618530273
57.028,17.700000762939453,991.5,0.6100000143051147,0.6200000047683716,9.630000114440918,-36.900001525878906,12.899999618530273,-7.300000190734863,-3.9000000953674316,-6.400000095367432,-18.399999618530273
57.228,15.800000190734863,991.2999877929688,0.27000001072883606,0.9900000095367432,9.90999984741211,-45.79999923706055,-35.79999923706055,-36.20000076293945,-0.800000011920929,-26.899999618530273,-11.899999618530273
57.428,24.5,998.7999877929688,0.20999999344348907,-0.4399999976158142,9.449999809265137,-8.300000190734863,7.900000095367432,-22.200000762939453,-9.199999809265137,-25.299999237060547,-16.5
57.628,18.799999237060547,990.0,0.9100000262260437,-0.15000000596046448,10.25,-18.700000762939453,22.100000381469727,10.399999618530273,-6.199999809265137,-11.399999618530273,-10.600000381469727
57.828,18.899999618530273,999.7000122070312,0.550000011920929,0.6700000166893005,9.800000190734863,-34.900001525878906,-5.699999809265137,-37.599998474121094,-13.199999809265137,14.600000381469727,-29.100000381469727
58.028,24.299999237060547,1009.7000122070312,-0.17000000178813934,-0.8999999761581421,9.350000381469727,-25.700000762939453,31.899999618530273,-8.699999809265137,-18.700000762939453,-28.700000762939453,11.899999618530273
58.228,22.600000381469727,1006.5,0.2800000011920929,-0.7099999785423279,10.239999771118164,-32.70000076293945,3.799999952316284,26.399999618530273,18.600000381469727,1.600000023841858,-5.699999809265137
58.428,19.399999618530273,994.2999877929688,0.550000011920929,0.18000000715255737,9.84000015258789,45.29999923706055,-15.600000381469727,-4.199999809265137,-29.299999237060547,-21.700000762939453,-6.199999809265137
58.628,20.0,994.5999755859375,0.25,-0.7699999809265137,9.550000190734863,39.0,-39.400001525878906,45.599998474121094,26.899999618530273,-25.399999618530273,-0.800000011920929
58.828,22.0,992.2000122070312,-0.8899999856948853,0.9399999976158142,10.09000015258789,-7.199999809265137,-28.100000381469727,11.699999809265137,-29.200000762939453,5.099999904632568,22.0
59.028,18.100000381469727,1006.0999755859375,-0.7699999809265137,-0.25,9.890000343322754,-28.200000762939453,33.099998474121094,-48.599998474121094,24.700000762939453,-4.800000190734863,1.2000000476837158
59.228,23.200000762939453,993.5,0.10000000149011612,0.9599999785423279,10.229999542236328,22.5,33.599998474121094,-24.799999237060547,-27.399999618530273,9.0,11.100000381469727
59.428,18.100000381469727,1009.7000122070312,-0.75,0.27000001072883606,9.449999809265137,33.599998474121094,-8.399999618530273,-36.29999923706055,21.399999618530273,1.5,16.700000762939453
59.628,15.199999809265137,1009.4000244140625,-0.699999988079071,-0.009999999776482582,10.010000228881836,-36.599998474121094,29.700000762939453,-29.899999618530273,-13.300000190734863,-26.0,-27.200000762939453
59.828,15.699999809265137,990.2999877929688,-0.10000000149011612,-0.28999999165534973,9.699999809265137,12.5,18.899999618530273,-30.899999618530273,14.600000381469727,-23.0,21.299999237060547
60.028,17.299999237060547,1008.4000244140625,0.6700000166893005,0.09000000357627869,10.020000457763672,-11.699999809265137,-15.600000381469727,3.200000047683716,-13.199999809265137,11.899999618530273,-15.800000190734863
60.228,20.200000762939453,1000.7000122070312,-0.9399999976158142,-0.8799999952316284,9.680000305175781,-15.399999618530273,44.29999923706055,-33.900001525878906,17.399999618530273,21.799999237060547,-10.800000190734863
60.428,16.100000381469727,1006.7000122070312,0.8399999737739563,-0.6800000071525574,9.430000305175781,28.200000762939453,10.399999618530273,-0.6000000238418579,-1.0,-20.5,-8.699999809265137
60.628,17.5,1000.7000122070312,-0.15000000596046448,0.14000000059604645,10.140000343322754,23.5,-16.899999618530273,-30.100000381469727,-27.100000381469727,-12.699999809265137,9.699999809265137
60.828,23.899999618530273,1008.7000122070312,0.8399999737739563,-0.14000000059604645,10.300000190734863,-30.700000762939453,6.699999809265137,35.099998474121094,-5.5,-20.700000762939453,-24.899999618530273
61.028,23.200000762939453,1006.2000122070312,0.30000001192092896,0.019999999552965164,10.109999656677246,-39.20000076293945,20.0,38.0,-0.8999999761581421,29.100000381469727,-26.100000381469727
61.228,24.299999237060547,996.5999755859375,-0.6499999761581421,0.6000000238418579,9.380000114440918,43.900001525878906,-8.0,-14.100000381469727,-16.200000762939453,2.9000000953674316,-3.799999952316284
61.428,15.100000381469727,997.0999755859375,-0.5799999833106995,-0.10000000149011612,10.220000267028809,-19.799999237060547,13.399999618530273,-46.5,9.300000190734863,17.299999237060547,29.700000762939453
61.628,23.100000381469727,997.4000244140625,-0.20000000298023224,0.5799999833106995,10.130000114440918,-10.399999618530273,16.0,45.900001525878906,15.0,-10.600000381469727,-1.600000023841858
61.828,20.299999237060547,1009.5,-0.8799999952316284,0.8299999833106995,9.59000015258789,6.099999904632568,-3.5,-8.800000190734863,-18.899999618530273,-26.600000381469727,12.899999618530273
62.028,17.700000762939453,1007.2000122070312,0.10999999940395355,0.38999998569488525,9.680000305175781,23.899999618530273,-39.20000076293945,24.200000762939453,28.399999618530273,-30.0,-1.2999999523162842
62.228,22.299999237060547,996.4000244140625,-0.10000000149011612,0.05000000074505806,10.069999694824219,4.900000095367432,3.200000047683716,-14.899999618530273,-6.800000190734863,-25.200000762939453,-8.199999809265137
62.428,24.600000381469727,997.7000122070312,0.8999999761581421,0.20000000298023224,9.539999961853027,-47.79999923706055,39.599998474121094,36.20000076293945,-4.199999809265137,17.100000381469727,-26.0
62.628,20.700000762939453,998.0999755859375,0.9900000095367432,0.5299999713897705,9.720000267028809,-33.29999923706055,-14.5,-34.900001525878906,23.600000381469727,-5.0,-12.199999809265137
62.828,16.600000381469727,993.2999877929688,-0.7099999785423279,0.2199999988079071,10.09000015258789,-46.29999923706055,-28.0,-10.199999809265137,10.100000381469727,11.0,23.299999237060547
63.028,21.700000762939453,1005.9000244140625,0.9700000286102295,0.7400000095367432,9.8100004196167,-39.79999923706055,36.20000076293945,23.200000762939453,9.800000190734863,-14.5,-14.5
63.228,17.5,998.2999877929688,0.7200000286102295,-0.550000011920929,9.720000267028809,46.79999923706055,13.5,3.9000000953674316,-23.700000762939453,6.699999809265137,-15.100000381469727
63.428,19.200000762939453,999.2999877929688,-0.03999999910593033,0.6100000143051147,9.699999809265137,19.399999618530273,-35.70000076293945,-44.900001525878906,3.9000000953674316,-24.399999618530273,-11.199999809265137
63.628,16.899999618530273,1002.5,0.7200000286102295,-0.2199999988079071,9.979999542236328,23.100000381469727,-30.700000762939453,15.600000381469727,-7.800000190734863,23.399999618530273,7.5
63.828,15.5,1004.0,0.7400000095367432,0.17000000178813934,9.770000457763672,-12.899999618530273,-31.600000381469727,-1.7000000476837158,-6.0,-9.800000190734863,-4.599999904632568
64.028,17.600000381469727,1003.4000244140625,0.7599999904632568,-0.23999999463558197,9.779999732971191,47.099998474121094,-22.5,36.400001525878906,-0.10000000149011612,20.600000381469727,5.800000190734863
64.228,24.0,1002.0999755859375,-0.07999999821186066,-0.7699999809265137,9.6899995803833,-30.600000381469727,-11.199999809265137,-36.099998474121094,-1.5,-19.899999618530273,27.200000762939453
64.428,21.600000381469727,1008.9000244140625,-0.3499999940395355,-0.25,10.130000114440918,-48.0,-2.299999952316284,11.899999618530273,21.200000762939453,1.399999976158142,0.800000011920929
64.628,20.299999237060547,991.5999755859375,0.3799999952316284,0.6200000047683716,10.239999771118164,49.400001525878906,18.399999618530273,28.700000762939453,-9.300000190734863,-5.900000095367432,1.399999976158142
64.828,16.299999237060547,1009.7999877929688,-0.3100000023841858,-0.3700000047683716,9.5600004196167,27.700000762939453,19.799999237060547,-9.300000190734863,9.399999618530273,-3.700000047683716,12.600000381469727
65.028,16.600000381469727,997.4000244140625,0.5,0.09000000357627869,9.3100004196167,-47.29999923706055,0.30000001192092896,-15.899999618530273,-16.899999618530273,-28.399999618530273,-9.0
65.228,24.799999237060547,1003.7000122070312,0.5600000023841858,0.8899999856948853,9.350000381469727,-49.5,-32.900001525878906,-42.099998474121094,-15.899999618530273,26.100000381469727,5.400000095367432
65.428,23.600000381469727,998.0999755859375,0.7699999809265137,0.10999999940395355,10.210000038146973,-39.20000076293945,35.0,-36.5,-3.5,-17.899999618530273,27.899999618530273
65.628,17.0,992.0999755859375,0.5199999809265137,0.46000000834465027,10.010000228881836,39.70000076293945,5.400000095367432,11.699999809265137,-7.300000190734863,-5.800000190734863,-10.199999809265137
65.828,23.0,1006.0,0.20000000298023224,-0.6200000047683716,9.899999618530273,45.400001525878906,-35.900001525878906,-29.100000381469727,-16.899999618530273,2.700000047683716,-17.5
66.028,17.200000762939453,998.0,0.07000000029802322,0.47999998927116394,9.529999732971191,35.400001525878906,-18.200000762939453,-0.800000011920929,-30.0,-9.100000381469727,-21.299999237060547
66.228,19.600000381469727,994.7999877929688,-0.10000000149011612,0.75,10.069999694824219,5.599999904632568,-36.900001525878906,46.0,26.0,1.5,-6.099999904632568
66.428,18.0,1003.5999755859375,0.029999999329447746,0.6399999856948853,10.079999923706055,-42.099998474121094,8.699999809265137,-36.599998474121094,29.200000762939453,-23.5,-21.399999618530273
66.628,16.399999618530273,1008.2999877929688,0.23999999463558197,0.9100000262260437,10.170000076293945,23.100000381469727,-25.899999618530273,-36.29999923706055,-6.300000190734863,-5.5,-12.800000190734863
66.828,18.899999618530273,997.9000244140625,-0.5,-0.28999999165534973,9.770000457763672,-38.900001525878906,14.899999618530273,2.200000047683716,23.100000381469727,26.700000762939453,20.600000381469727
67.028,20.100000381469727,1008.5,-0.75,0.6800000071525574,9.789999961853027,11.5,-30.0,-22.399999618530273,-6.599999904632568,-26.600000381469727,-16.399999618530273
67.228,21.0,1000.5999755859375,0.8299999833106995,-0.2800000011920929,9.600000381469727,28.100000381469727,49.5,16.100000381469727,17.5,-0.20000000298023224,-12.100000381469727
67.428,22.700000762939453,1008.5,-0.3199999928474426,0.3499999940395355,9.949999809265137,28.5,-49.0,2.799999952316284,-22.0,-4.0,17.200000762939453
67.628,23.200000762939453,1007.5,-0.5199999809265137,-0.4099999964237213,10.109999656677246,28.100000381469727,28.0,32.79999923706055,-4.199999809265137,-21.600000381469727,-14.100000381469727
67.828,21.399999618530273,1006.2999877929688,-0.6299999952316284,-0.8899999856948853,10.180000305175781,46.400001525878906,9.300000190734863,14.899999618530273,-1.7999999523162842,-15.800000190734863,15.399999618530273
68.028,20.399999618530273,990.7999877929688,0.6700000166893005,0.6600000262260437,10.020000457763672,10.899999618530273,42.20000076293945,-16.899999618530273,8.899999618530273,28.700000762939453,2.5
68.228,18.399999618530273,1005.4000244140625,-0.20000000298023224,0.3700000047683716,10.260000228881836,-2.5999999046325684,-33.5,19.299999237060547,20.5,8.600000381469727,-18.0
68.428,21.0,1002.4000244140625,-0.5400000214576721,-0.550000011920929,9.40999984741211,-6.599999904632568,-47.79999923706055,-28.200000762939453,-9.0,-24.899999618530273,-10.5
68.628,22.299999237060547,997.4000244140625,-0.20000000298023224,-0.3499999940395355,9.859999656677246,36.400001525878906,16.700000762939453,-37.599998474121094,-1.7000000476837158,6.800000190734863,-22.200000762939453
68.828,16.200000762939453,1001.5999755859375,0.5199999809265137,0.20000000298023224,10.020000457763672,-3.5999999046325684,27.299999237060547,0.4000000059604645,-24.5,23.799999237060547,3.5999999046325684
69.028,24.100000381469727,992.9000244140625,0.07000000029802322,0.8399999737739563,9.770000457763672,-20.600000381469727,-33.29999923706055,-12.5,10.699999809265137,-10.100000381469727,-6.800000190734863
69.228,19.399999618530273,994.9000244140625,0.9399999976158142,-0.8799999952316284,9.710000038146973,32.20000076293945,22.100000381469727,-32.900001525878906,21.299999237060547,-15.0,-11.0
69.428,23.799999237060547,1003.7000122070312,0.6600000262260437,-0.8799999952316284,9.600000381469727,42.20000076293945,-13.600000381469727,8.100000381469727,3.0999999046325684,-16.600000381469727,-20.700000762939453
69.628,23.5,996.2999877929688,-0.23999999463558197,-0.9100000262260437,10.0,-45.0,-36.400001525878906,-47.5,8.800000190734863,5.800000190734863,-28.399999618530273
69.828,23.200000762939453,992.5,-0.6100000143051147,0.3499999940395355,10.050000190734863,35.5,14.399999618530273,-29.700000762939453,22.600000381469727,26.799999237060547,4.599999904632568
70.028,22.299999237060547,1000.0999755859375,-0.30000001192092896,0.05999999865889549,10.260000228881836,-6.599999904632568,4.300000190734863,-35.20000076293945,-12.199999809265137,17.399999618530273,-15.399999618530273
70.228,19.100000381469727,1009.9000244140625,0.10999999940395355,-0.25,9.40999984741211,-19.799999237060547,-41.79999923706055,-28.5,-24.299999237060547,-18.100000381469727,-25.299999237060547
70.428,21.899999618530273,1000.5999755859375,0.3799999952316284,-0.9300000071525574,10.170000076293945,-12.300000190734863,28.600000381469727,40.79999923706055,20.799999237060547,-26.799999237060547,-24.899999618530273
70.628,24.899999618530273,997.0999755859375,-0.3799999952316284,-0.8100000023841858,10.010000228881836,26.100000381469727,25.100000381469727,-3.799999952316284,16.299999237060547,-6.199999809265137,16.399999618530273
70.828,24.700000762939453,1008.0,-0.6800000071525574,0.5699999928474426,9.479999542236328,48.599998474121094,16.600000381469727,36.5,-20.399999618530273,-16.600000381469727,-14.699999809265137
71.028,22.399999618530273,1004.7999877929688,-0.949999988079071,-0.20000000298023224,9.970000267028809,21.399999618530273,-17.5,-11.100000381469727,10.600000381469727,1.399999976158142,28.5
71.228,18.0,1004.2999877929688,0.5799999833106995,0.47999998927116394,9.520000457763672,33.5,33.099998474121094,-42.70000076293945,6.099999904632568,28.700000762939453,-4.199999809265137
71.428,24.700000762939453,990.9000244140625,0.699999988079071,0.6800000071525574,10.239999771118164,49.79999923706055,34.099998474121094,1.7999999523162842,-23.5,-0.5,1.600000023841858
71.628,22.0,1004.7000122070312,-0.8700000047683716,0.7300000190734863,10.170000076293945,1.399999976158142,-36.29999923706055,39.900001525878906,-20.5,-0.10000000149011612,-18.799999237060547
71.828,16.5,999.4000244140625,-0.800000011920929,-0.25999999046325684,9.789999961853027,18.200000762939453,26.799999237060547,0.699999988079071,20.200000762939453,-30.0,-21.700000762939453
72.028,23.299999237060547,1006.2000122070312,-0.029999999329447746,-0.4099999964237213,9.680000305175781,44.0,-16.600000381469727,42.70000076293945,17.399999618530273,-13.199999809265137,-28.700000762939453
72.228,19.799999237060547,1005.0,0.27000001072883606,-0.949999988079071,9.760000228881836,2.700000047683716,-30.0,-48.29999923706055,-27.799999237060547,29.899999618530273,5.400000095367432
72.428,19.0,997.2000122070312,-0.6399999856948853,0.8299999833106995,9.75,11.100000381469727,-43.0,28.899999618530273,-7.300000190734863,12.399999618530273,-9.800000190734863
72.628,18.799999237060547,1006.9000244140625,0.019999999552965164,0.30000001192092896,9.680000305175781,-17.0,47.29999923706055,-19.200000762939453,-0.699999988079071,29.600000381469727,-2.0999999046325684
72.828,23.399999618530273,1007.2999877929688,-0.550000011920929,-0.47999998927116394,10.229999542236328,9.800000190734863,5.099999904632568,-13.5,-5.5,-5.599999904632568,-15.5
73.028,24.700000762939453,1000.7000122070312,-0.03999999910593033,0.75,10.039999961853027,-46.29999923706055,-21.0,29.600000381469727,8.600000381469727,-15.600000381469727,-27.600000381469727
73.228,21.0,1001.5999755859375,-0.6299999952316284,-0.27000001072883606,9.34000015258789,-24.700000762939453,-27.299999237060547,-23.0,19.700000762939453,-3.799999952316284,19.200000762939453
73.428,19.799999237060547,1000.4000244140625,-0.9599999785423279,-0.33000001311302185,9.399999618530273,37.29999923706055,-0.20000000298023224,30.0,12.100000381469727,0.20000000298023224,-29.899999618530273
73.628,23.399999618530273,992.9000244140625,0.2800000011920929,0.30000001192092896,9.420000076293945,-32.20000076293945,17.799999237060547,-13.699999809265137,15.699999809265137,-18.700000762939453,28.600000381469727
73.828,23.100000381469727,994.0,0.7400000095367432,-0.6299999952316284,9.479999542236328,13.600000381469727,-43.29999923706055,6.400000095367432,6.699999809265137,3.700000047683716,1.0
74.028,17.299999237060547,996.2999877929688,0.28999999165534973,-0.23999999463558197,9.850000381469727,2.0,47.599998474121094,43.099998474121094,23.799999237060547,-7.800000190734863,-21.799999237060547
74.228,21.600000381469727,996.5999755859375,-0.9100000262260437,-0.11999999731779099,9.539999961853027,0.5,-8.0,-48.599998474121094,23.299999237060547,2.0999999046325684,-24.200000762939453
74.428,20.899999618530273,1007.0,0.9399999976158142,-0.4399999976158142,9.869999885559082,41.20000076293945,47.599998474121094,31.200000762939453,9.5,29.600000381469727,-5.800000190734863
74.628,23.700000762939453,1007.5999755859375,-0.8100000023841858,0.3799999952316284,9.489999771118164,-11.199999809265137,-7.599999904632568,14.5,25.799999237060547,5.900000095367432,17.600000381469727
74.828,15.100000381469727,995.5999755859375,-0.8199999928474426,-0.5600000023841858,9.380000114440918,40.400001525878906,-20.799999237060547,-27.799999237060547,-7.5,10.5,26.5
75.028,16.600000381469727,991.9000244140625,0.9399999976158142,-0.4099999964237213,10.1899995803833,27.100000381469727,40.599998474121094,-22.700000762939453,2.0,11.300000190734863,12.300000190734863
75.228,22.0,991.7000122070312,-0.23999999463558197,-0.9100000262260437,9.9399995803833,-3.200000047683716,-22.399999618530273,19.600000381469727,9.600000381469727,14.0,-1.7000000476837158
75.428,20.399999618530273,999.5,0.8399999737739563,0.5400000214576721,9.970000267028809,-25.700000762939453,21.200000762939453,0.30000001192092896,-7.599999904632568,13.300000190734863,27.899999618530273
75.628,21.0,1007.0,-0.9100000262260437,-0.17000000178813934,9.789999961853027,45.400001525878906,-15.699999809265137,-10.100000381469727,-0.8999999761581421,-25.899999618530273,22.200000762939453
75.828,18.600000381469727,997.9000244140625,-0.8999999761581421,0.2199999988079071,10.180000305175781,32.5,-43.599998474121094,-43.400001525878906,-3.299999952316284,-6.800000190734863,-14.5
76.028,18.899999618530273,1006.0999755859375,0.38999998569488525,0.5699999928474426,10.010000228881836,-47.79999923706055,45.20000076293945,-47.0,15.399999618530273,26.5,-19.299999237060547
76.228,19.5,1009.4000244140625,-0.550000011920929,0.7599999904632568,9.800000190734863,-41.099998474121094,-10.0,30.700000762939453,-8.5,-3.0999999046325684,-9.300000190734863
76.428,24.899999618530273,1006.9000244140625,-0.4699999988079071,-0.9399999976158142,10.270000457763672,-35.20000076293945,38.70000076293945,25.799999237060547,24.899999618530273,28.299999237060547,-20.5
76.628,16.399999618530273,990.0999755859375,0.949999988079071,-0.6800000071525574,9.359999656677246,-11.0,15.699999809265137,35.29999923706055,-9.100000381469727,5.099999904632568,8.399999618530273
76.828,16.299999237060547,993.2999877929688,-0.6000000238418579,0.4300000071525574,9.420000076293945,-23.200000762939453,-28.700000762939453,19.200000762939453,9.800000190734863,-10.899999618530273,6.300000190734863
77.028,22.799999237060547,994.7999877929688,0.38999998569488525,0.4300000071525574,10.010000228881836,24.5,-20.200000762939453,-12.199999809265137,20.700000762939453,18.899999618530273,8.100000381469727
77.228,23.200000762939453,1004.2000122070312,-0.47999998927116394,0.7699999809265137,10.010000228881836,18.899999618530273,42.0,-5.5,18.299999237060547,-23.600000381469727,-9.800000190734863
77.428,24.700000762939453,1008.7000122070312,-0.8899999856948853,-0.8999999761581421,9.65999984741211,-27.299999237060547,-6.599999904632568,-33.0,18.600000381469727,-10.100000381469727,-10.0
77.628,22.0,990.0,-0.12999999523162842,-0.25999999046325684,9.75,-17.899999618530273,19.700000762939453,-5.599999904632568,0.4000000059604645,4.699999809265137,16.299999237060547
77.828,17.600000381469727,1006.2999877929688,-0.6800000071525574,0.11999999731779099,10.1899995803833,-7.199999809265137,38.5,-4.599999904632568,25.399999618530273,1.899999976158142,27.200000762939453
78.028,15.899999618530273,1007.0999755859375,-0.23999999463558197,-0.5699999928474426,9.65999984741211,-34.400001525878906,13.0,18.100000381469727,10.600000381469727,-25.399999618530273,-8.600000381469727
78.228,17.0,999.0999755859375,0.8899999856948853,0.2800000011920929,9.40999984741211,42.20000076293945,45.70000076293945,2.9000000953674316,-13.600000381469727,-13.399999618530273,-28.100000381469727
78.428,22.100000381469727,1001.7999877929688,0.8500000238418579,-0.5299999713897705,9.6899995803833,19.899999618530273,-46.79999923706055,-42.400001525878906,-21.299999237060547,21.600000381469727,-27.0
78.628,22.200000762939453,999.2000122070312,0.25,0.6399999856948853,10.0600004196167,13.100000381469727,-36.599998474121094,-33.0,-27.899999618530273,28.100000381469727,-14.399999618530273
78.828,19.899999618530273,993.4000244140625,-0.7699999809265137,0.8100000023841858,10.050000190734863,-8.399999618530273,-31.799999237060547,16.100000381469727,-23.700000762939453,-28.100000381469727,11.300000190734863
79.028,21.399999618530273,996.0,-0.46000000834465027,-0.6299999952316284,9.550000190734863,-2.200000047683716,-12.5,-12.100000381469727,-25.899999618530273,23.299999237060547,27.100000381469727
79.228,23.799999237060547,992.7999877929688,0.20999999344348907,-0.8399999737739563,9.930000305175781,48.70000076293945,-7.800000190734863,46.599998474121094,19.5,-22.200000762939453,11.399999618530273
79.428,22.399999618530273,992.2999877929688,-0.38999998569488525,-0.28999999165534973,10.170000076293945,-25.799999237060547,47.099998474121094,-42.400001525878906,-1.899999976158142,-6.199999809265137,24.799999237060547
79.628,17.399999618530273,1001.5999755859375,-0.33000001311302185,0.6000000238418579,10.010000228881836,-12.5,-19.399999618530273,47.79999923706055,16.5,29.600000381469727,-23.399999618530273
79.828,23.100000381469727,1009.7000122070312,-0.5400000214576721,0.05999999865889549,9.5600004196167,47.599998474121094,35.400001525878906,-41.900001525878906,26.200000762939453,-13.100000381469727,1.600000023841858
80.028,21.5,994.9000244140625,-0.8700000047683716,-0.05999999865889549,9.699999809265137,34.400001525878906,29.0,-29.700000762939453,-25.299999237060547,-18.0,-22.200000762939453
80.228,19.700000762939453,994.9000244140625,-0.7900000214576721,0.5299999713897705,10.15999984741211,8.800000190734863,20.299999237060547,-39.099998474121094,29.700000762939453,-0.4000000059604645,12.800000190734863
80.428,21.200000762939453,997.0999755859375,0.2800000011920929,-0.6100000143051147,10.029999732971191,7.300000190734863,-14.5,2.5999999046325684,23.700000762939453,-23.0,-5.400000095367432
80.628,24.100000381469727,995.0,0.9900000095367432,0.09000000357627869,9.920000076293945,-31.200000762939453,9.199999809265137,6.900000095367432,13.399999618530273,-22.100000381469727,4.0
80.828,22.0,995.2999877929688,-0.20000000298023224,-0.699999988079071,9.579999923706055,33.29999923706055,14.600000381469727,-22.200000762939453,-6.599999904632568,29.600000381469727,28.899999618530273
81.028,16.5,995.0999755859375,-0.800000011920929,-0.05999999865889549,9.390000343322754,-33.0,-20.299999237060547,-43.099998474121094,10.5,-19.100000381469727,-0.6000000238418579
81.228,23.899999618530273,992.5,0.23999999463558197,0.9900000095367432,9.699999809265137,18.899999618530273,-44.79999923706055,30.600000381469727,-29.100000381469727,1.600000023841858,17.799999237060547
81.428,21.100000381469727,1001.2999877929688,-0.20000000298023224,-0.33000001311302185,9.399999618530273,-32.099998474121094,-17.399999618530273,-15.600000381469727,-7.099999904632568,-25.600000381469727,-17.100000381469727
81.628,21.799999237060547,1002.5,-0.9800000190734863,0.009999999776482582,9.819999694824219,17.700000762939453,-29.899999618530273,-47.70000076293945,-18.5,-20.700000762939453,2.700000047683716
81.828,20.399999618530273,993.7000122070312,-0.03999999910593033,0.8799999952316284,9.9399995803833,16.399999618530273,7.099999904632568,29.799999237060547,-25.899999618530273,21.100000381469727,29.0
82.028,18.799999237060547,996.4000244140625,-0.2199999988079071,0.8100000023841858,10.050000190734863,47.599998474121094,-29.700000762939453,-34.0,1.100000023841858,-5.699999809265137,29.899999618530273
82.228,16.299999237060547,991.0,-0.3700000047683716,-0.6000000238418579,9.489999771118164,7.900000095367432,17.299999237060547,-22.700000762939453,25.700000762939453,-20.700000762939453,-25.899999618530273
82.428,22.0,1005.0,0.949999988079071,0.11999999731779099,9.420000076293945,-32.20000076293945,3.200000047683716,42.29999923706055,16.5,-12.399999618530273,1.100000023841858
82.628,17.399999618530273,995.5,-0.6299999952316284,-0.09000000357627869,9.579999923706055,-33.70000076293945,-24.399999618530273,-35.099998474121094,15.5,-6.199999809265137,-23.100000381469727
82.828,16.600000381469727,992.2000122070312,0.07000000029802322,-0.44999998807907104,9.789999961853027,22.799999237060547,-43.20000076293945,-36.099998474121094,19.399999618530273,7.400000095367432,-17.200000762939453
83.028,23.899999618530273,997.5999755859375,0.550000011920929,0.5199999809265137,9.460000038146973,24.600000381469727,-37.29999923706055,-13.300000190734863,9.199999809265137,-23.700000762939453,20.0
83.228,18.700000762939453,995.0999755859375,-0.07999999821186066,0.23000000417232513,10.289999961853027,-40.29999923706055,46.79999923706055,10.199999809265137,22.5,11.699999809265137,9.0
83.428,24.5,991.2999877929688,-0.1899999976158142,0.8399999737739563,9.850000381469727,-39.5,-26.299999237060547,-36.599998474121094,23.5,10.5,25.600000381469727
83.628,20.5,1009.9000244140625,-0.8500000238418579,0.6100000143051147,9.699999809265137,-31.399999618530273,7.800000190734863,-29.700000762939453,7.5,9.100000381469727,0.10000000149011612
83.828,16.899999618530273,1003.5,-0.949999988079071,0.9100000262260437,9.569999694824219,42.20000076293945,-33.79999923706055,-3.299999952316284,27.200000762939453,-16.100000381469727,-8.300000190734863
84.028,15.199999809265137,992.2000122070312,-0.029999999329447746,-0.9200000166893005,10.15999984741211,-39.099998474121094,-0.5,5.599999904632568,28.399999618530273,14.100000381469727,15.399999618530273
84.228,18.0,1005.5999755859375,0.4399999976158142,0.27000001072883606,9.529999732971191,-20.5,-48.5,-42.29999923706055,-5.199999809265137,4.599999904632568,-29.700000762939453
84.428,23.399999618530273,992.9000244140625,0.029999999329447746,0.9399999976158142,9.800000190734863,37.400001525878906,-39.70000076293945,-40.5,21.299999237060547,-12.0,2.700000047683716
84.628,24.899999618530273,1009.4000244140625,0.10999999940395355,0.019999999552965164,9.420000076293945,2.9000000953674316,31.600000381469727,-35.5,-18.600000381469727,19.399999618530273,-13.199999809265137
84.828,16.299999237060547,990.0,0.17000000178813934,0.9200000166893005,9.6899995803833,-8.899999618530273,11.399999618530273,-25.0,-12.399999618530273,15.5,-9.600000381469727
85.028,22.899999618530273,990.5,-0.23000000417232513,0.11999999731779099,9.59000015258789,-39.79999923706055,37.400001525878906,-39.29999923706055,-18.899999618530273,-6.800000190734863,6.0
85.228,19.200000762939453,1007.5,-0.10999999940395355,0.10999999940395355,9.8100004196167,42.29999923706055,-14.199999809265137,27.299999237060547,-16.5,5.099999904632568,-24.600000381469727
85.428,17.799999237060547,1002.0,-0.20999999344348907,-0.2199999988079071,9.569999694824219,31.700000762939453,27.0,-29.899999618530273,6.800000190734863,-0.30000001192092896,-6.599999904632568
85.628,24.0,1000.5,0.5899999737739563,0.0,10.020000457763672,-49.900001525878906,-18.299999237060547,-35.70000076293945,14.0,-26.100000381469727,14.600000381469727
85.828,24.799999237060547,996.2000122070312,-0.28999999165534973,-0.6000000238418579,9.640000343322754,-46.099998474121094,-14.300000190734863,15.899999618530273,3.700000047683716,2.799999952316284,-1.5
86.028,21.799999237060547,999.0999755859375,-0.25999999046325684,0.5299999713897705,9.75,-20.0,4.5,37.79999923706055,-19.399999618530273,12.800000190734863,-26.899999618530273
86.228,19.100000381469727,1006.9000244140625,-0.6600000262260437,-0.41999998688697815,9.319999694824219,10.699999809265137,-4.300000190734863,20.200000762939453,-6.699999809265137,2.200000047683716,-3.9000000953674316
86.428,16.299999237060547,993.4000244140625,0.05000000074505806,0.4000000059604645,9.630000114440918,7.5,40.79999923706055,-15.600000381469727,3.700000047683716,-13.5,4.199999809265137
86.628,24.600000381469727,991.5,0.9700000286102295,-0.5,9.619999885559082,-7.699999809265137,13.600000381469727,19.299999237060547,21.200000762939453,17.899999618530273,10.800000190734863
86.828,24.799999237060547,1009.7999877929688,0.17000000178813934,-0.03999999910593033,9.380000114440918,-13.600000381469727,2.799999952316284,-13.800000190734863,-1.2999999523162842,-16.100000381469727,9.600000381469727
87.028,15.399999618530273,1009.0999755859375,-0.8999999761581421,-0.25,9.670000076293945,-41.5,15.800000190734863,-43.20000076293945,11.399999618530273,19.100000381469727,-21.299999237060547
87.228,16.0,995.5999755859375,-0.3199999928474426,0.23999999463558197,9.8100004196167,-44.70000076293945,-2.4000000953674316,47.0,20.600000381469727,-10.0,-24.600000381469727
87.428,15.699999809265137,1002.5,0.11999999731779099,0.9599999785423279,9.680000305175781,-33.099998474121094,-39.70000076293945,-40.20000076293945,-24.700000762939453,11.300000190734863,23.700000762939453
87.628,18.600000381469727,994.7999877929688,-0.9599999785423279,-0.17000000178813934,9.760000228881836,-30.700000762939453,-5.900000095367432,-39.5,-25.0,-17.799999237060547,-16.799999237060547
87.828,22.299999237060547,993.2000122070312,-0.41999998688697815,-0.5600000023841858,10.180000305175781,6.599999904632568,15.5,40.20000076293945,6.300000190734863,-17.200000762939453,-14.0
88.028,15.899999618530273,996.5,-0.3499999940395355,-0.3499999940395355,10.0600004196167,15.100000381469727,1.7999999523162842,24.899999618530273,-24.899999618530273,16.799999237060547,-7.699999809265137
88.228,23.700000762939453,1006.2999877929688,0.05999999865889549,-0.9100000262260437,9.899999618530273,44.099998474121094,17.600000381469727,12.199999809265137,6.0,23.700000762939453,10.300000190734863
88.428,17.700000762939453,993.9000244140625,-0.3499999940395355,-0.019999999552965164,9.84000015258789,-3.799999952316284,-21.100000381469727,-4.800000190734863,-13.0,13.699999809265137,-29.0
88.628,24.899999618530273,994.9000244140625,-0.8700000047683716,-0.1899999976158142,9.319999694824219,-24.299999237060547,5.400000095367432,28.5,-6.099999904632568,-24.100000381469727,2.5999999046325684
88.828,18.100000381469727,1000.4000244140625,-0.75,0.6299999952316284,10.220000267028809,-26.799999237060547,34.5,-39.099998474121094,-26.200000762939453,-3.5999999046325684,-1.2000000476837158
89.028,23.299999237060547,1009.7999877929688,-0.5099999904632568,-0.2199999988079071,9.40999984741211,-9.800000190734863,47.0,-25.399999618530273,16.0,3.700000047683716,-19.700000762939453
89.228,23.5,1001.2000122070312,-0.5699999928474426,0.36000001430511475,9.760000228881836,40.5,18.200000762939453,2.5,-11.0,-2.9000000953674316,26.0
89.428,20.899999618530273,990.7999877929688,-0.5199999809265137,-0.23000000417232513,9.430000305175781,14.399999618530273,-14.199999809265137,-37.79999923706055,-22.5,15.600000381469727,-0.699999988079071
89.628,21.100000381469727,1006.0,0.6899999976158142,0.5,9.40999984741211,28.399999618530273,-6.099999904632568,33.79999923706055,22.600000381469727,-13.600000381469727,-1.2999999523162842
89.828,17.0,1000.7999877929688,-0.6499999761581421,0.6700000166893005,9.539999961853027,-20.600000381469727,18.0,-46.599998474121094,2.9000000953674316,19.5,14.0
90.028,23.399999618530273,1009.0999755859375,0.07000000029802322,-0.8500000238418579,9.760000228881836,-0.5,27.899999618530273,-44.099998474121094,-22.100000381469727,8.199999809265137,-20.5
90.228,22.899999618530273,1000.5999755859375,0.9200000166893005,0.07999999821186066,9.680000305175781,4.199999809265137,38.599998474121094,41.400001525878906,28.200000762939453,11.100000381469727,14.5
90.428,21.600000381469727,997.2000122070312,0.17000000178813934,-0.9100000262260437,10.140000343322754,29.5,44.400001525878906,23.200000762939453,10.399999618530273,-25.0,-27.5
90.628,16.100000381469727,999.2999877929688,0.9900000095367432,-0.029999999329447746,9.460000038146973,33.20000076293945,1.7999999523162842,-47.79999923706055,-26.799999237060547,-15.399999618530273,20.799999237060547
90.828,19.899999618530273,1007.9000244140625,-0.6000000238418579,0.11999999731779099,9.949999809265137,-12.600000381469727,-46.29999923706055,18.899999618530273,-26.899999618530273,15.800000190734863,2.5
91.028,15.0,995.2999877929688,0.12999999523162842,0.6499999761581421,9.59000015258789,38.29999923706055,-1.100000023841858,2.700000047683716,29.899999618530273,-28.200000762939453,29.700000762939453
91.228,23.0,1006.5,-0.38999998569488525,0.03999999910593033,9.779999732971191,-7.900000095367432,32.5,-4.800000190734863,6.599999904632568,3.799999952316284,29.799999237060547
91.428,15.300000190734863,998.9000244140625,-0.5199999809265137,-0.4699999988079071,9.529999732971191,49.79999923706055,-25.700000762939453,-43.20000076293945,-21.399999618530273,-4.5,15.5
91.628,19.799999237060547,997.5,-0.20000000298023224,0.18000000715255737,10.180000305175781,-39.599998474121094,-47.5,44.29999923706055,-0.8999999761581421,0.5,-12.399999618530273
91.828,22.299999237060547,993.7000122070312,-0.2800000011920929,-0.029999999329447746,9.489999771118164,-10.100000381469727,-1.7999999523162842,28.100000381469727,10.0,-27.899999618530273,-18.399999618530273
92.028,19.700000762939453,1003.7000122070312,0.3700000047683716,-0.11999999731779099,10.029999732971191,-20.200000762939453,-5.199999809265137,14.0,4.0,-19.299999237060547,11.699999809265137
92.228,16.600000381469727,998.9000244140625,0.6200000047683716,0.9300000071525574,9.479999542236328,-41.900001525878906,34.5,-9.300000190734863,1.600000023841858,14.300000190734863,-22.299999237060547
92.428,16.399999618530273,996.7999877929688,-0.5199999809265137,0.7400000095367432,9.59000015258789,7.800000190734863,-37.5,7.199999809265137,-19.0,14.899999618530273,-21.299999237060547
92.628,19.0,993.5,0.3499999940395355,-0.6299999952316284,9.75,-41.900001525878906,26.0,-44.599998474121094,-25.100000381469727,-8.100000381469727,-26.0
92.828,17.700000762939453,1006.9000244140625,-0.5600000023841858,-0.7599999904632568,9.569999694824219,38.79999923706055,-35.599998474121094,38.29999923706055,6.5,-3.5,23.700000762939453
93.028,18.700000762939453,996.5,0.7400000095367432,0.25999999046325684,9.819999694824219,-18.399999618530273,20.799999237060547,27.100000381469727,-29.700000762939453,-11.300000190734863,14.199999809265137
93.228,17.0,995.0,0.019999999552965164,0.30000001192092896,9.460000038146973,7.699999809265137,0.4000000059604645,38.70000076293945,-22.799999237060547,-18.200000762939453,-11.5
93.428,16.5,996.0,0.3400000035762787,-0.10999999940395355,9.3100004196167,-29.899999618530273,-47.29999923706055,-38.5,-20.600000381469727,15.199999809265137,-20.399999618530273
93.628,19.5,992.0999755859375,0.75,0.9700000286102295,10.149999618530273,-28.5,3.299999952316284,16.5,-6.5,-28.5,21.5
93.828,24.100000381469727,1009.9000244140625,0.33000001311302185,-0.550000011920929,9.4399995803833,9.800000190734863,-18.200000762939453,-31.799999237060547,22.0,-18.700000762939453,25.299999237060547
94.028,21.899999618530273,1001.0,0.7699999809265137,0.6200000047683716,9.630000114440918,47.400001525878906,-24.100000381469727,10.199999809265137,-10.300000190734863,11.800000190734863,4.900000095367432
94.228,23.0,1009.4000244140625,-0.6299999952316284,0.7300000190734863,10.079999923706055,35.900001525878906,31.0,-34.400001525878906,-3.799999952316284,14.199999809265137,25.600000381469727
94.428,17.899999618530273,997.7000122070312,0.9800000190734863,-0.550000011920929,9.670000076293945,-28.299999237060547,19.100000381469727,17.100000381469727,20.200000762939453,-13.600000381469727,-0.4000000059604645
94.628,24.0,993.9000244140625,-0.800000011920929,-0.5,10.300000190734863,-32.79999923706055,-18.5,-42.0,-11.399999618530273,7.800000190734863,-23.5
94.828,15.5,998.0,0.41999998688697815,0.699999988079071,10.270000457763672,8.199999809265137,37.0,23.5,-20.700000762939453,-28.399999618530273,-16.5
95.028,22.100000381469727,997.7999877929688,-0.9700000286102295,-0.3499999940395355,9.640000343322754,6.5,41.900001525878906,35.900001525878906,17.799999237060547,6.099999904632568,19.0
95.228,21.100000381469727,1001.0,-0.20000000298023224,0.6700000166893005,9.90999984741211,40.79999923706055,-14.699999809265137,-26.5,-1.7999999523162842,15.5,-10.300000190734863
95.428,19.899999618530273,1008.2000122070312,-0.30000001192092896,0.25,9.930000305175781,-10.199999809265137,35.20000076293945,6.300000190734863,-3.799999952316284,1.399999976158142,9.100000381469727
95.628,24.5,1001.5999755859375,-0.1899999976158142,-0.8500000238418579,9.920000076293945,6.0,32.5,45.79999923706055,15.800000190734863,29.299999237060547,-4.300000190734863
95.828,16.299999237060547,990.0,0.20000000298023224,0.3199999928474426,9.430000305175781,-44.20000076293945,-18.100000381469727,-34.900001525878906,-12.600000381469727,-11.100000381469727,-16.0
96.028,21.0,1000.0,0.029999999329447746,0.949999988079071,9.819999694824219,32.29999923706055,-12.5,-32.0,-20.100000381469727,-19.0,15.199999809265137
96.228,19.700000762939453,994.4000244140625,-0.5,0.47999998927116394,9.720000267028809,-23.799999237060547,20.700000762939453,-6.099999904632568,1.899999976158142,3.9000000953674316,24.5
96.428,16.299999237060547,1006.7000122070312,0.8999999761581421,0.7799999713897705,9.449999809265137,47.20000076293945,38.70000076293945,-12.5,-25.799999237060547,-24.799999237060547,29.700000762939453
96.628,20.100000381469727,996.0999755859375,-0.8999999761581421,0.3400000035762787,10.100000381469727,43.79999923706055,-39.900001525878906,42.79999923706055,-12.300000190734863,5.699999809265137,10.399999618530273
96.828,23.5,1005.2000122070312,-0.09000000357627869,-0.25,10.010000228881836,0.6000000238418579,35.70000076293945,-30.600000381469727,-12.800000190734863,13.600000381469727,-26.600000381469727
97.028,18.100000381469727,995.0999755859375,0.15000000596046448,0.07999999821186066,9.970000267028809,-39.5,34.20000076293945,8.0,-1.899999976158142,0.4000000059604645,8.199999809265137
97.228,19.100000381469727,1003.9000244140625,0.2800000011920929,-0.8500000238418579,10.100000381469727,8.100000381469727,-49.400001525878906,10.5,-22.5,-15.899999618530273,11.800000190734863
97.428,21.200000762939453,1007.0999755859375,-0.8999999761581421,-0.6000000238418579,9.869999885559082,-5.5,-27.299999237060547,19.299999237060547,-20.700000762939453,-27.899999618530273,2.799999952316284
97.628,22.899999618530273,990.7000122070312,0.5199999809265137,0.23000000417232513,9.979999542236328,-3.0,-36.29999923706055,-31.899999618530273,-27.200000762939453,20.299999237060547,-28.399999618530273
97.828,24.5,995.4000244140625,-0.7599999904632568,0.36000001430511475,9.569999694824219,-10.5,46.5,48.599998474121094,22.200000762939453,-2.200000047683716,-24.600000381469727
98.028,15.300000190734863,1004.9000244140625,-0.8399999737739563,0.33000001311302185,9.829999923706055,22.299999237060547,21.600000381469727,20.399999618530273,-28.299999237060547,-1.399999976158142,15.100000381469727
98.228,24.600000381469727,996.0999755859375,-0.9700000286102295,-0.9200000166893005,9.979999542236328,31.700000762939453,43.20000076293945,-14.300000190734863,-5.5,-19.799999237060547,21.299999237060547
98.428,16.899999618530273,995.4000244140625,0.12999999523162842,-0.25,9.600000381469727,16.200000762939453,5.900000095367432,-2.5999999046325684,26.299999237060547,-2.9000000953674316,28.899999618530273
98.628,17.799999237060547,990.4000244140625,-0.4099999964237213,0.20000000298023224,9.670000076293945,6.900000095367432,-30.899999618530273,-10.399999618530273,-17.899999618530273,19.100000381469727,3.0999999046325684
98.828,17.100000381469727,1008.7999877929688,-0.4399999976158142,-0.9100000262260437,9.550000190734863,-5.599999904632568,3.0999999046325684,-14.100000381469727,-6.099999904632568,17.299999237060547,13.399999618530273
99.028,16.5,998.9000244140625,0.8500000238418579,0.029999999329447746,10.020000457763672,-44.099998474121094,1.7999999523162842,22.200000762939453,1.399999976158142,-8.699999809265137,-4.800000190734863
99.228,18.700000762939453,1004.4000244140625,0.2199999988079071,0.3199999928474426,10.199999809265137,6.099999904632568,25.200000762939453,-19.600000381469727,17.299999237060547,-22.799999237060547,-14.0
99.428,23.600000381469727,998.2999877929688,-0.8999999761581421,-0.8700000047683716,9.460000038146973,49.400001525878906,3.5,14.300000190734863,18.200000762939453,16.0,-1.0
99.628,20.799999237060547,1002.4000244140625,-0.9900000095367432,0.9100000262260437,9.829999923706055,25.100000381469727,-11.0,46.099998474121094,-8.0,27.799999237060547,-10.399999618530273
99.828,24.399999618530273,996.4000244140625,0.6399999856948853,0.7099999785423279,10.220000267028809,49.29999923706055,-43.0,-25.600000381469727,-24.700000762939453,-16.5,1.7999999523162842
100.028,21.899999618530273,995.7999877929688,-0.8199999928474426,0.6800000071525574,10.0600004196167,-49.79999923706055,-7.900000095367432,-21.700000762939453,13.300000190734863,-5.199999809265137,-5.599999904632568
100.228,24.200000762939453,995.9000244140625,-0.12999999523162842,0.9399999976158142,9.420000076293945,5.5,13.199999809265137,44.599998474121094,21.899999618530273,9.800000190734863,22.700000762939453
100.428,15.300000190734863,992.2000122070312,0.33000001311302185,0.2199999988079071,9.920000076293945,38.400001525878906,-39.599998474121094,11.300000190734863,-3.9000000953674316,-28.799999237060547,29.899999618530273
100.628,21.200000762939453,1008.5999755859375,0.10999999940395355,0.550000011920929,10.289999961853027,27.5,-1.2999999523162842,23.200000762939453,-19.600000381469727,-26.200000762939453,-24.799999237060547
100.828,19.200000762939453,992.7000122070312,-0.10000000149011612,0.8299999833106995,10.170000076293945,1.399999976158142,7.199999809265137,44.099998474121094,-17.399999618530273,29.899999618530273,18.200000762939453
101.028,20.100000381469727,998.4000244140625,0.03999999910593033,-0.949999988079071,9.40999984741211,25.799999237060547,26.5,21.200000762939453,18.399999618530273,-16.5,-14.600000381469727
101.228,21.700000762939453,993.7999877929688,-0.5600000023841858,0.46000000834465027,9.449999809265137,27.299999237060547,28.799999237060547,-1.2999999523162842,3.5,23.399999618530273,10.899999618530273
101.428,24.399999618530273,991.0999755859375,-0.36000001430511475,0.7400000095367432,10.15999984741211,19.799999237060547,-35.0,-16.899999618530273,27.200000762939453,12.0,-7.099999904632568
101.628,16.799999237060547,994.9000244140625,-0.36000001430511475,-0.7200000286102295,10.079999923706055,-14.300000190734863,-29.200000762939453,19.5,15.100000381469727,-17.0,17.899999618530273
101.828,17.299999237060547,999.0999755859375,0.17000000178813934,-0.009999999776482582,9.569999694824219,44.29999923706055,-20.5,40.400001525878906,-2.4000000953674316,19.5,29.700000762939453
102.028,23.899999618530273,1009.5999755859375,-0.6399999856948853,0.7599999904632568,9.899999618530273,-11.199999809265137,27.899999618530273,6.199999809265137,26.799999237060547,2.0999999046325684,-24.700000762939453
102.228,15.300000190734863,1009.4000244140625,-0.6399999856948853,0.6299999952316284,9.399999618530273,-29.0,-37.099998474121094,-25.399999618530273,3.200000047683716,-30.0,-11.0
102.428,24.200000762939453,1007.7999877929688,-0.9200000166893005,0.41999998688697815,9.569999694824219,-37.099998474121094,12.699999809265137,27.799999237060547,4.800000190734863,16.5,4.800000190734863
102.628,17.799999237060547,1007.7000122070312,-0.4000000059604645,0.05000000074505806,9.520000457763672,-1.100000023841858,36.599998474121094,-11.899999618530273,10.699999809265137,-26.5,3.299999952316284
102.828,16.600000381469727,1003.5,-0.36000001430511475,0.30000001192092896,10.0600004196167,-7.599999904632568,-0.6000000238418579,-29.600000381469727,7.900000095367432,-28.600000381469727,11.199999809265137
103.028,24.299999237060547,995.0,0.6600000262260437,-0.36000001430511475,10.210000038146973,-45.900001525878906,-8.100000381469727,43.0,9.399999618530273,-29.299999237060547,-17.299999237060547
103.228,22.100000381469727,998.5999755859375,0.8600000143051147,-0.5899999737739563,10.0600004196167,23.0,-43.099998474121094,-10.300000190734863,28.100000381469727,-6.199999809265137,-29.100000381469727
103.428,18.100000381469727,1000.5999755859375,0.5400000214576721,-0.9200000166893005,9.829999923706055,39.29999923706055,13.199999809265137,48.400001525878906,-28.899999618530273,4.400000095367432,21.700000762939453
103.628,22.899999618530273,995.0999755859375,-0.10000000149011612,0.550000011920929,10.289999961853027,-3.299999952316284,-35.900001525878906,23.200000762939453,3.5,-21.899999618530273,18.700000762939453
103.828,23.200000762939453,993.5999755859375,0.8999999761581421,-0.9599999785423279,9.59000015258789,5.199999809265137,21.700000762939453,-23.100000381469727,-24.299999237060547,-19.200000762939453,26.200000762939453
104.028,21.600000381469727,1006.0999755859375,0.14000000059604645,0.36000001430511475,9.880000114440918,-2.799999952316284,39.5,-30.200000762939453,26.200000762939453,-12.199999809265137,17.600000381469727
104.228,19.100000381469727,993.4000244140625,0.550000011920929,0.20999999344348907,10.09000015258789,32.5,-31.399999618530273,-31.0,-4.699999809265137,-5.099999904632568,-6.300000190734863
104.428,19.100000381469727,1009.5,0.36000001430511475,0.5199999809265137,10.15999984741211,-24.100000381469727,10.899999618530273,-22.0,15.199999809265137,20.600000381469727,1.399999976158142
104.628,21.299999237060547,1001.7000122070312,-0.2800000011920929,0.49000000953674316,9.819999694824219,43.099998474121094,22.5,-9.699999809265137,10.0,8.300000190734863,9.899999618530273
104.828,15.199999809265137,1001.0999755859375,0.949999988079071,0.23999999463558197,9.329999923706055,-22.100000381469727,35.79999923706055,-11.699999809265137,13.100000381469727,17.799999237060547,21.700000762939453
105.028,19.0,996.4000244140625,0.8899999856948853,-0.4099999964237213,10.039999961853027,-2.0,-24.399999618530273,15.399999618530273,-14.0,-27.799999237060547,0.6000000238418579
105.228,24.100000381469727,996.0,-0.8600000143051147,-0.5400000214576721,9.399999618530273,-7.199999809265137,-43.79999923706055,34.5,4.300000190734863,-16.899999618530273,-10.600000381469727
3116.028,18.200000762939453,995.2000122070312,-0.7699999809265137,0.41999998688697815,10.220000267028809,-43.20000076293945,-29.299999237060547,29.799999237060547,14.100000381469727,-3.0999999046325684,7.5
3116.228,22.5,1004.2000122070312,-0.7099999785423279,-0.8500000238418579,9.510000228881836,20.700000762939453,44.79999923706055,-8.800000190734863,-8.600000381469727,-11.899999618530273,-14.899999618530273
3116.428,15.0,1009.4000244140625,0.2199999988079071,-0.3100000023841858,9.979999542236328,-38.20000076293945,-24.200000762939453,-20.0,2.0999999046325684,-20.299999237060547,-29.5
3116.628,17.600000381469727,996.0999755859375,-0.7900000214576721,0.6600000262260437,10.140000343322754,-12.0,43.900001525878906,4.699999809265137,20.0,-14.800000190734863,-9.300000190734863
3116.828,17.0,998.7000122070312,0.07000000029802322,-0.8899999856948853,10.149999618530273,-34.900001525878906,31.200000762939453,49.0,29.799999237060547,-1.100000023841858,-27.299999237060547
3117.028,18.700000762939453,1000.9000244140625,0.44999998807907104,0.7699999809265137,10.029999732971191,-42.0,1.2999999523162842,1.7999999523162842,-25.700000762939453,5.300000190734863,-11.600000381469727
3117.228,15.899999618530273,995.5,0.11999999731779099,-0.12999999523162842,9.34000015258789,35.20000076293945,16.0,-33.5,-20.0,-14.300000190734863,-12.100000381469727
3117.428,15.399999618530273,997.9000244140625,-0.9399999976158142,0.9100000262260437,9.850000381469727,-26.700000762939453,46.099998474121094,40.0,-13.800000190734863,18.100000381469727,11.699999809265137
3117.628,21.100000381469727,1007.0999755859375,-0.7400000095367432,0.75,9.899999618530273,45.099998474121094,-23.100000381469727,-19.399999618530273,10.600000381469727,6.5,-27.799999237060547
3117.828,16.799999237060547,990.2999877929688,0.3499999940395355,0.07000000029802322,9.600000381469727,-36.5,-21.399999618530273,10.699999809265137,16.399999618530273,-27.299999237060547,-15.100000381469727
3118.028,17.5,997.0,-0.8700000047683716,-0.1899999976158142,9.369999885559082,13.300000190734863,28.399999618530273,26.299999237060547,-10.100000381469727,26.5,-17.399999618530273
3118.228,17.200000762939453,990.4000244140625,-0.7200000286102295,-0.44999998807907104,9.359999656677246,7.099999904632568,-14.100000381469727,21.799999237060547,-0.30000001192092896,-26.0,-2.700000047683716
3118.428,18.399999618530273,990.0999755859375,0.8399999737739563,0.30000001192092896,9.460000038146973,-39.400001525878906,11.899999618530273,-43.70000076293945,-7.300000190734863,-3.700000047683716,6.900000095367432
3118.628,23.399999618530273,1001.0999755859375,0.09000000357627869,0.25999999046325684,10.079999923706055,-47.79999923706055,17.200000762939453,5.5,-10.899999618530273,4.199999809265137,10.0
3118.828,21.399999618530273,1004.5,-0.5099999904632568,-0.46000000834465027,9.8100004196167,-3.799999952316284,-28.5,25.399999618530273,-11.199999809265137,16.299999237060547,10.5
3119.028,21.600000381469727,997.2999877929688,0.5799999833106995,0.3100000023841858,10.180000305175781,46.0,-24.799999237060547,-6.900000095367432,16.100000381469727,0.4000000059604645,-22.100000381469727
3119.228,20.200000762939453,992.0999755859375,0.9700000286102295,-0.10000000149011612,10.279999732971191,-28.799999237060547,45.099998474121094,12.300000190734863,15.899999618530273,-20.799999237060547,16.399999618530273
3119.428,19.799999237060547,1007.5,-0.8999999761581421,-0.5199999809265137,9.640000343322754,-20.600000381469727,2.9000000953674316,-2.4000000953674316,-17.5,-21.399999618530273,21.0
3119.628,15.5,1008.4000244140625,0.7099999785423279,0.8600000143051147,10.029999732971191,-46.70000076293945,-46.20000076293945,-1.7999999523162842,-12.300000190734863,29.5,7.800000190734863
3119.828,24.899999618530273,1007.9000244140625,-0.949999988079071,-0.03999999910593033,10.079999923706055,34.099998474121094,-32.599998474121094,-5.599999904632568,9.699999809265137,22.399999618530273,21.399999618530273
3120.028,20.5,1002.2999877929688,0.5899999737739563,-0.3199999928474426,10.300000190734863,29.899999618530273,-22.299999237060547,23.5,15.800000190734863,23.200000762939453,-6.900000095367432
3120.228,15.5,1000.0,0.8399999737739563,-0.029999999329447746,9.3100004196167,-7.0,-21.399999618530273,-41.900001525878906,14.100000381469727,22.799999237060547,14.100000381469727
3120.428,15.399999618530273,995.7999877929688,-0.36000001430511475,-0.1899999976158142,10.1899995803833,-37.099998474121094,32.79999923706055,-19.600000381469727,25.899999618530273,11.600000381469727,-2.4000000953674316
3120.628,17.799999237060547,990.0999755859375,0.6000000238418579,0.1599999964237213,9.5,-37.599998474121094,-28.399999618530273,23.200000762939453,-21.700000762939453,-20.899999618530273,5.900000095367432
3120.828,20.899999618530273,996.2000122070312,0.36000001430511475,0.05999999865889549,9.75,-6.199999809265137,-9.100000381469727,-26.100000381469727,11.5,9.5,16.100000381469727
3121.028,16.100000381469727,1005.7999877929688,-0.800000011920929,-0.44999998807907104,9.8100004196167,22.399999618530273,29.399999618530273,34.29999923706055,-5.0,1.7000000476837158,6.400000095367432
3121.228,23.5,1006.4000244140625,-0.3400000035762787,0.9800000190734863,9.579999923706055,-26.5,32.20000076293945,-18.600000381469727,27.200000762939453,8.600000381469727,-15.5
3121.428,24.899999618530273,995.4000244140625,-0.05000000074505806,0.15000000596046448,9.5,-8.199999809265137,-48.099998474121094,-33.099998474121094,-12.399999618530273,-15.199999809265137,-8.399999618530273
3121.628,18.700000762939453,997.9000244140625,0.0,0.9900000095367432,9.460000038146973,-29.799999237060547,-39.900001525878906,40.29999923706055,0.800000011920929,-28.0,26.600000381469727
3121.828,24.700000762939453,1008.5999755859375,-0.9399999976158142,0.25999999046325684,9.819999694824219,43.599998474121094,2.0,-4.400000095367432,7.5,19.5,-22.0
3122.028,20.700000762939453,995.7000122070312,0.41999998688697815,-0.10999999940395355,9.460000038146973,36.0,-29.600000381469727,17.600000381469727,-8.399999618530273,29.700000762939453,24.0
3122.228,17.799999237060547,1002.2999877929688,-0.05000000074505806,-0.7699999809265137,9.59000015258789,-12.5,-1.399999976158142,-36.29999923706055,28.600000381469727,13.199999809265137,2.700000047683716
3122.428,22.899999618530273,998.9000244140625,-0.25999999046325684,-0.8899999856948853,9.420000076293945,-49.70000076293945,-43.0,-0.10000000149011612,-9.100000381469727,28.799999237060547,29.0
3122.628,17.0,990.7000122070312,-0.5400000214576721,-0.5400000214576721,9.600000381469727,-31.799999237060547,-21.799999237060547,3.0999999046325684,-14.399999618530273,-2.299999952316284,-11.199999809265137
3122.828,21.100000381469727,990.0,0.5099999904632568,0.10999999940395355,9.899999618530273,19.100000381469727,22.299999237060547,-26.799999237060547,17.100000381469727,13.5,-10.899999618530273
3123.028,20.799999237060547,995.7999877929688,-0.5199999809265137,0.09000000357627869,9.710000038146973,-34.0,-6.900000095367432,-17.0,-20.5,4.0,-21.0
3123.228,24.5,1008.7000122070312,-0.029999999329447746,0.25,10.289999961853027,-39.900001525878906,-11.899999618530273,9.600000381469727,-9.600000381469727,2.9000000953674316,1.600000023841858
3123.428,17.100000381469727,994.2999877929688,-0.3499999940395355,0.9700000286102295,9.609999656677246,20.100000381469727,48.900001525878906,-24.700000762939453,0.4000000059604645,-12.100000381469727,21.899999618530273
3123.628,18.100000381469727,1009.0999755859375,0.9200000166893005,-0.7300000190734863,10.220000267028809,44.20000076293945,-29.799999237060547,17.100000381469727,-16.100000381469727,-2.799999952316284,-15.600000381469727
3123.828,15.600000381469727,1005.5,0.7699999809265137,-0.6600000262260437,9.319999694824219,-34.0,-45.70000076293945,4.0,11.600000381469727,22.600000381469727,-10.300000190734863
3124.028,16.299999237060547,1006.0999755859375,-0.46000000834465027,-0.3799999952316284,9.989999771118164,-42.099998474121094,-37.0,-42.900001525878906,28.700000762939453,23.600000381469727,21.0
3124.228,23.799999237060547,1008.5999755859375,0.6800000071525574,-1.0,9.460000038146973,40.400001525878906,-41.599998474121094,9.600000381469727,-2.5999999046325684,18.299999237060547,4.800000190734863
3124.428,24.700000762939453,990.2999877929688,0.4099999964237213,0.15000000596046448,9.40999984741211,19.600000381469727,41.70000076293945,49.099998474121094,-27.5,-21.299999237060547,-20.5
3124.628,17.100000381469727,996.4000244140625,-0.41999998688697815,0.14000000059604645,9.40999984741211,49.70000076293945,23.100000381469727,-26.600000381469727,4.300000190734863,28.299999237060547,27.200000762939453
3124.828,23.899999618530273,998.7000122070312,-0.5699999928474426,-0.5,9.359999656677246,48.099998474121094,-7.0,11.300000190734863,-22.899999618530273,8.600000381469727,8.800000190734863
3125.028,22.700000762939453,1004.2000122070312,-0.800000011920929,0.5899999737739563,9.75,-22.200000762939453,-8.699999809265137,0.20000000298023224,25.899999618530273,-16.5,-27.600000381469727
3125.228,20.700000762939453,993.9000244140625,0.5899999737739563,0.550000011920929,9.90999984741211,-3.5999999046325684,-25.5,-36.900001525878906,-12.199999809265137,22.700000762939453,24.899999618530273
3125.428,23.399999618530273,991.0,-0.9700000286102295,0.7300000190734863,9.75,-33.0,-11.699999809265137,37.099998474121094,-9.699999809265137,-6.0,-26.899999618530273
3125.628,21.399999618530273,993.0999755859375,-0.699999988079071,0.8299999833106995,9.390000343322754,-32.5,32.599998474121094,-5.599999904632568,2.0,19.799999237060547,-17.600000381469727
3125.828,23.799999237060547,1006.5,0.23000000417232513,0.3799999952316284,9.329999923706055,-28.299999237060547,7.199999809265137,-27.200000762939453,-27.5,-11.899999618530273,-24.5
3126.028,16.799999237060547,1009.0,0.8700000047683716,0.10000000149011612,10.170000076293945,12.699999809265137,25.100000381469727,-44.900001525878906,-22.799999237060547,-8.399999618530273,-4.300000190734863
3126.228,16.899999618530273,1003.0999755859375,0.6299999952316284,-0.6000000238418579,10.170000076293945,-18.600000381469727,-10.600000381469727,8.5,1.399999976158142,18.100000381469727,-5.699999809265137
3126.428,18.200000762939453,1004.2000122070312,0.6899999976158142,0.8999999761581421,9.75,-35.400001525878906,3.700000047683716,2.5999999046325684,20.0,-12.199999809265137,15.899999618530273
3126.628,22.299999237060547,992.2000122070312,0.11999999731779099,0.6800000071525574,9.819999694824219,-9.399999618530273,41.099998474121094,-25.5,-8.5,-15.300000190734863,0.4000000059604645
3126.828,16.0,1005.2999877929688,-0.5799999833106995,-0.47999998927116394,9.930000305175781,33.20000076293945,23.899999618530273,-33.900001525878906,-0.8999999761581421,13.699999809265137,12.5
3127.028,19.399999618530273,1001.2000122070312,-0.8899999856948853,-0.2800000011920929,9.539999961853027,25.399999618530273,22.5,25.299999237060547,27.399999618530273,-3.4000000953674316,-16.899999618530273
3127.228,21.200000762939453,1006.2999877929688,-0.6800000071525574,-1.0,9.359999656677246,36.599998474121094,-25.399999618530273,18.200000762939453,-0.5,4.300000190734863,1.7000000476837158
3127.428,20.5,994.5999755859375,-0.8299999833106995,-0.8799999952316284,9.6899995803833,46.099998474121094,-20.899999618530273,-41.099998474121094,-0.5,-11.399999618530273,-18.200000762939453
3127.628,17.799999237060547,994.0,-0.11999999731779099,-0.9900000095367432,9.850000381469727,-29.399999618530273,32.0,32.70000076293945,-3.200000047683716,-24.200000762939453,-10.399999618530273
3127.828,17.799999237060547,994.0999755859375,-0.36000001430511475,-0.7599999904632568,9.779999732971191,28.700000762939453,48.900001525878906,48.79999923706055,23.600000381469727,-6.599999904632568,22.200000762939453
3128.028,19.799999237060547,1001.7999877929688,-1.0,0.9599999785423279,9.369999885559082,-15.699999809265137,39.5,-19.799999237060547,-19.899999618530273,-16.799999237060547,7.599999904632568
3128.228,19.600000381469727,990.0999755859375,-0.11999999731779099,-0.6200000047683716,9.869999885559082,4.5,44.0,-29.0,-19.600000381469727,1.600000023841858,10.399999618530273
3128.428,17.5,999.7000122070312,0.9100000262260437,-0.20000000298023224,10.1899995803833,-8.5,33.70000076293945,4.300000190734863,27.600000381469727,1.399999976158142,-17.600000381469727
3128.628,20.200000762939453,999.7000122070312,0.2199999988079071,-0.20000000298023224,9.600000381469727,-33.29999923706055,38.5,-36.900001525878906,-18.100000381469727,11.699999809265137,2.200000047683716
3128.828,21.0,992.2999877929688,-0.36000001430511475,0.7599999904632568,10.220000267028809,23.399999618530273,24.299999237060547,2.0999999046325684,-1.2999999523162842,23.200000762939453,-23.299999237060547
3129.028,23.100000381469727,991.9000244140625,-0.23999999463558197,-0.07999999821186066,10.279999732971191,-7.800000190734863,22.100000381469727,2.9000000953674316,-17.200000762939453,-20.600000381469727,-16.200000762939453
3129.228,16.5,997.5999755859375,-0.18000000715255737,-0.33000001311302185,10.039999961853027,9.0,-42.0,-5.599999904632568,17.200000762939453,3.5,25.299999237060547
3129.428,17.899999618530273,996.2000122070312,-0.9900000095367432,0.23999999463558197,10.119999885559082,43.5,13.199999809265137,28.0,-14.600000381469727,-4.900000095367432,7.300000190734863
